,Unnamed: 0,title,date,stock
3668,7120.0,Tech Stocks And FAANGS Strong Again To Start Day As Market Awaits Fed,2020-06-10 11:33:00-04:00,AAPL
3669,7121.0,10 Biggest Price Target Changes For Wednesday,2020-06-10 08:14:00-04:00,AAPL
3670,7122.0,"Benzinga Pro's Top 5 Stocks To Watch For Wed., Jun. 10, 2020: AAPL, BAC, NIO, SONO, GLW",2020-06-10 07:53:00-04:00,AAPL
3671,7123.0,"Deutsche Bank Maintains Buy on Apple, Raises Price Target to $350",2020-06-10 07:19:00-04:00,AAPL
3672,7124.0,"Apple To Let Users Trade In Their Mac Computers For Credit At US, Canada Stores: Report",2020-06-10 06:27:00-04:00,AAPL
3673,7125.0,Big Tech Reaches New Record Heights At The Stock Market,2020-06-10 00:52:00-04:00,AAPL
3674,7126.0,Why Apple's Stock Is Trading Higher Today,2020-06-09 15:14:00-04:00,AAPL
3675,7127.0,Apple Could Announce In-House Chips For Macs At WWDC: Report,2020-06-09 13:58:00-04:00,AAPL
3676,7128.0,"Apple shares are trading higher despite market weakness, not currently seeing company-specific news. It was reported the company is expected to begin iPhone 12 production in July.",2020-06-09 12:41:00-04:00,AAPL
3677,7129.0,"Sonos Shares Spike To Session High, Now Up 9.5%, As Citron's Andrew Left, Currently Interviewing On FOX Business, Said Co. Could Be Acquired By Apple Or Amazon",2020-06-09 11:11:00-04:00,AAPL
3678,7130.0,'iPhone 12 Production Expected to Begin in July' -MacRumors,2020-06-09 10:59:00-04:00,AAPL
3679,7131.0,Cramer: NASDAQ Rebound Makes Sense As It Better Represents Economy,2020-06-09 10:31:00-04:00,AAPL
3680,7132.0,"Google Maps To Offer Relevant Local COVID-19 Information For Public Transport, Driving And Testing Centers",2020-06-09 03:51:00-04:00,AAPL
3681,7133.0,"IBM Discontinues Facial Recognition Technology, Says It Can't Condone 'Racial Profiling' Or 'Mass Surveillance'",2020-06-09 00:25:00-04:00,AAPL
3682,7134.0,Munster Says Under-The-Radar Apple TV+ Will Contribute 20% Of Cupertino's Net Income Growth,2020-06-08 14:16:00-04:00,AAPL
3683,7135.0,Airlines Soar Again In Pre-Market Trading Amid More Reopening Optimism,2020-06-08 09:35:00-04:00,AAPL
3684,7136.0,Apple Gets Patent For Socially-Distanced Group Selfies,2020-06-08 04:34:00-04:00,AAPL
3685,7137.0,Apple's Top Supplier Foxconn Launched New Recruitment Drive as Current Covid-19 Pandemic in China Ends,2020-06-07 17:03:00-04:00,AAPL
3686,7138.0,"Apple Preparing Monthly iPad, Mac Payment Plans for Apple Card",2020-06-06 18:36:00-04:00,AAPL
3687,7139.0,"ESPAÑOL • Cannabis en Argentina, Blockchain Uruguayo, Elon Musk, Warren Buffett, Jeff Bezos, Isiah Thomas, y Canopy Growth",2020-06-05 17:19:00-04:00,AAPL
3688,7140.0,PreMarket Prep Stock Of The Day: Genius Brands,2020-06-05 12:24:00-04:00,AAPL
3689,7141.0,"Airlines, Casino Stocks Getting A Lift In Pre-Market Trading as Surprising Jobs Report Gets Digested",2020-06-05 10:43:00-04:00,AAPL
3690,7142.0,Stocks That Hit 52-Week Highs On Friday,2020-06-05 10:30:00-04:00,AAPL
3691,7143.0,No Surprise: Guess What Market Is Leading Post-Virus Equity Rebound,2020-06-05 10:08:00-04:00,AAPL
3692,7144.0,"Wedbush Maintains Outperform on Apple, Raises Price Target to $375",2020-06-05 08:43:00-04:00,AAPL
3693,7145.0,"Credit Suisse Maintains Neutral on Apple, Raises Price Target to $295",2020-06-05 08:27:00-04:00,AAPL
3694,7146.0,FaZe Clan Celebrates 10-Year Anniversary With G FUEL And Apple Beats,2020-06-05 07:02:00-04:00,AAPL
3695,7147.0,"US Debt Market Raised $22.5B This Week, The Highest Since 2007: FT",2020-06-05 05:42:00-04:00,AAPL
3696,7148.0,"Apple $425 Per Share Case 'On The Horizon,' Analyst Says",2020-06-05 00:07:00-04:00,AAPL
3697,7149.0,FAANG Stocks Seem Immune To COVID-19,2020-06-04 13:47:00-04:00,AAPL
3698,7150.0,'Apple's #iPhone to join Beijing's 12.2 billion yuan ($1.7 billion) consumption voucher program: report. The discount for each purchase is a maximum of 400 yuan.' -Tweet From China's Global Times,2020-06-04 10:12:00-04:00,AAPL
3699,7151.0,"Why Genius Brands Is On A Massive Rally, Adding Nearly 2500% Value In A Month",2020-06-04 01:01:00-04:00,AAPL
3700,7152.0,Warner Music CEO On IPO: Music Is The 'Only Global Language',2020-06-03 15:47:00-04:00,AAPL
3701,7153.0,"Morgan Stanley Bullish On Rising App Store Revenue, Raises Apple Price Target",2020-06-03 11:00:00-04:00,AAPL
3702,7154.0,A Look Into Apple's Price Over Earnings,2020-06-03 10:47:00-04:00,AAPL
3703,7155.0,"Zoom Initially Slips Despite Strong Earnings, Then Reverses Course In Pre-Market Trading",2020-06-03 10:00:00-04:00,AAPL
3704,7156.0,"Morgan Stanley Maintains Overweight on Apple, Raises Price Target to $340",2020-06-03 08:31:00-04:00,AAPL
3705,7157.0,"Warner Music Set To Go Public Today, In Anticipated Largest US IPO Of The Year",2020-06-03 06:09:00-04:00,AAPL
3706,7158.0,Peloton Makes Its Fitness App Available On Apple TV After Pandemic Demand Surge,2020-06-03 04:57:00-04:00,AAPL
3707,7159.0,'Apple is tracking iPhones stolen by looters' -Earlier NY Post Article,2020-06-02 11:37:00-04:00,AAPL
3708,7160.0,MoneyGram Shares Jump 50% As Western Union Reportedly Looks For Acquisition,2020-06-02 07:44:00-04:00,AAPL
3709,7161.0,"Hearing Susquehanna Check Suggests Total iPhone 12 Builds Tracking To 10M, Below Firm's Expectation Of 25M; Unconfirmed",2020-06-02 07:41:00-04:00,AAPL
3710,7162.0,Tesla CEO Musk Says Other Three Officers Should Be Charged In Floyd's Murder Case,2020-06-02 06:12:00-04:00,AAPL
3711,7163.0,A Peek Into The Markets: US Stock Futures Up; Crude Oil Rises Over 2%,2020-06-02 06:03:00-04:00,AAPL
3712,7164.0,"Pepper Spray, Books On Racism, 'I Can't Breathe' Merchandise Are Top Sellers On Amazon As Protests Rage",2020-06-02 04:18:00-04:00,AAPL
3713,7165.0,Apple Cuts iPhone Prices in China To Push Sales As Country Reopens Economy,2020-06-02 00:35:00-04:00,AAPL
3714,7166.0,"Gun, Security Stocks Trade Higher After Weekend Protests Turn Violent And Destructive",2020-06-01 10:14:00-04:00,AAPL
3715,7167.0,Carter Worth And Mike Khouw's Apple Trade,2020-06-01 08:20:00-04:00,AAPL
3716,7168.0,"Apple Pays Hacker From India $100,000 For Discovering Serious 'Sign In With Apple' Vulnerability",2020-06-01 06:53:00-04:00,AAPL
3717,7169.0,Volume Production of New iPhone Models to Begin in Q3 2020,2020-06-01 05:39:00-04:00,AAPL
3718,7170.0,"Apple CEO Writes To Employees About George Floyd Death, Urges For 'Better, More Just World For Everyone'",2020-06-01 03:55:00-04:00,AAPL
3719,7171.0,"Amazon, Apple, Walmart, Other Retailers Shutter Stores, Scale Back Operations In Areas Worst Hit With Protests",2020-06-01 00:34:00-04:00,AAPL
3720,7172.0,"Apple Says With Health and Safety of Its Teams in Mind, Decided to Keep Number of Its Stores in the U.S. Closed on Sunday",2020-05-31 18:19:00-04:00,AAPL
3721,7173.0,"Costco Shares Come Under Pressure Despite Strong Earnings, Same-Store Sales",2020-05-29 10:09:00-04:00,AAPL
3722,7174.0,Trump's Executive Order To Expose Social Media To Lawsuits Over Content Policies,2020-05-28 10:45:00-04:00,AAPL
3723,7175.0,Costco Earnings On Tap After Close As Investors Mull Strong Toll Brothers Results,2020-05-28 09:45:00-04:00,AAPL
3724,7176.0,Martin Scorsese's Next Movie Will Be Financed By Apple: Report,2020-05-28 09:13:00-04:00,AAPL
3725,7177.0,"Tech Companies Aren't 'State Actors,' Judge Dismisses Conservative Bias Lawsuit Against Facebook, Twitter, Google, Apple",2020-05-28 08:14:00-04:00,AAPL
3726,7178.0,Leidos Awarded $84.6M Payment from VirnetX  Lawsuit vs Apple,2020-05-27 19:06:00-04:00,AAPL
3727,7179.0,The Most Popular Smartphone Model Of Q1,2020-05-27 16:31:00-04:00,AAPL
3728,7180.0,This New Tool Will Tell You Whether Or Not An Options Spread Is A Good Deal,2020-05-27 12:48:00-04:00,AAPL
3729,7181.0,"B of A Securities Maintains Buy on Apple, Raises Price Target to $340",2020-05-27 11:23:00-04:00,AAPL
3730,7182.0,3 Apple Analysts Lift Price Targets: Why They're Optimistic On iPhone's Trajectory,2020-05-27 10:29:00-04:00,AAPL
3731,7183.0,'LG reportedly supplying 20 million OLED panels for 'iPhone 12 Max'' -AppleInsider,2020-05-27 09:24:00-04:00,AAPL
3732,7184.0,Same Old Leadership Song Lifts These Leveraged ETFs,2020-05-27 09:19:00-04:00,AAPL
3733,7185.0,"Deutsche Bank Maintains Buy on Apple, Raises Price Target to $320",2020-05-27 07:37:00-04:00,AAPL
3734,7186.0,YouTube Makes Its Dedicated Children App Available On Apple TV,2020-05-27 06:30:00-04:00,AAPL
3735,7187.0,Samsung Display Secures Majority of Panel Orders for Next-gen iPhone,2020-05-27 05:27:00-04:00,AAPL
3736,7188.0,Study: 34% Of Americans Report Looking Through Their Partner's Phone Without Permission,2020-05-26 16:35:00-04:00,AAPL
3737,7189.0,Apple To Reopen ~100 More US Stores This Week,2020-05-26 13:23:00-04:00,AAPL
3738,7190.0,"'FAANG Stocks Are Strong Once Again,' Facebook, Amazon, Netflix Hit Record Highs Last Week",2020-05-26 07:15:00-04:00,AAPL
3739,7191.0,Apple Expected to Incorporate Ambient Light Sensors in Next-generation Airpods Devices,2020-05-25 07:32:00-04:00,AAPL
3740,7192.0,The Secret to Tech's Resilience to COVID-19- Infrastructure Expansion,2020-05-22 11:44:00-04:00,AAPL
3741,7193.0,"Apple Is Seeking An Executive To Lead Original Podcast Effort, Is Buying Original Podcasts That Would Be Exclusive; New Podcasts Will Help Promote TV+ Video Service",2020-05-21 15:06:00-04:00,AAPL
3742,7194.0,Evercore ISI Analyst Amit DAryanani Says Apple Can Exceed $100 Billion In Services Revenue In The Fiscal Year Ending In September 2024,2020-05-21 15:02:00-04:00,AAPL
3743,7195.0,Apple Vs. Tesla: Morgan Stanley Breaks Down The Parallels,2020-05-21 13:25:00-04:00,AAPL
3744,7196.0,"As The Global Economy Weighs Fears Of A Recession, Travel Is Already In A Depression",2020-05-21 12:44:00-04:00,AAPL
3745,7197.0,Hearing Evercore ISI Raises Price Target On Apple From $330 To $345,2020-05-21 07:05:00-04:00,AAPL
3746,7198.0,Apple's Face ID Will Allow Mask Wearing Users To Unlock Their Phones Quickly,2020-05-21 00:55:00-04:00,AAPL
3747,7199.0,'COVID-19 exposure notification settings begin to go live for iOS users with new update' -TechCrunch,2020-05-20 13:02:00-04:00,AAPL
3748,7200.0,Facebook Plans To Resume Work In Office In July At 25% Capacity And Safety Measures In Place,2020-05-20 06:53:00-04:00,AAPL
3749,7201.0,"A Peek Into The Markets: US Stock Futures Climb Ahead Of Earnings, Fed Minutes",2020-05-20 06:43:00-04:00,AAPL
3750,7202.0,Why Sony Sold Streaming Rights For Tom Hanks Movie To Apple Instead Of Waiting Out The Pandemic,2020-05-20 05:42:00-04:00,AAPL
3751,7203.0,Smartphone Sales Picking up in China,2020-05-20 05:31:00-04:00,AAPL
3752,7204.0,"Apple Looking To Diversify Its Manufacturing Base, Will Make Headphones In Vietnam",2020-05-20 03:28:00-04:00,AAPL
3753,7205.0,Telemedicine A COVID-19 Winner,2020-05-19 16:46:00-04:00,AAPL
3754,7206.0,"Walmart Earnings Look Strong Across the Board, But Home Depot Down After Missing on EPS",2020-05-19 10:08:00-04:00,AAPL
3755,7207.0,Sony To Convert Its Financial Subsidiary Into Wholly Owned Unit Through $3.7B Tender Offer,2020-05-19 09:15:00-04:00,AAPL
3756,7208.0,"'Apple buys older shows for TV+, stepping up Netflix challenge' -Earlier SCMP Report",2020-05-19 08:15:00-04:00,AAPL
3757,7209.0,"Here's How Much Investing $1,000 In The 2015 Fitbit IPO Would Be Worth Today",2020-05-18 13:45:00-04:00,AAPL
3758,7210.0,"More Than 25 US Apple Stores To Reopen, 100 Now Open Around The World",2020-05-18 01:26:00-04:00,AAPL
3759,7211.0,"Barron's Picks And Pans: Cisco, Gilead, Netflix, Wayfair And More",2020-05-17 11:00:00-04:00,AAPL
3760,7212.0,"Ubisoft Sues Apple, Google Over Alibaba's Rainbow Six ""Ripoff""",2020-05-16 17:12:00-04:00,AAPL
3761,7213.0,13F From Buffett's Berkshire Shows Maintained Stake In Apple,2020-05-15 16:25:00-04:00,AAPL
3762,7214.0,US To Block Shipments Of Semiconductors To Huawei: Report,2020-05-15 11:40:00-04:00,AAPL
3763,7215.0,Quick Retreat: Impressive Thursday Turnaround Halted in Its Tracks Amid Fresh Trade Tiff,2020-05-15 10:22:00-04:00,AAPL
3764,7216.0,Apple shares are trading lower on reports the company is among those China could retaliate against after the US announced it will block chip shipments from Huawei.,2020-05-15 09:41:00-04:00,AAPL
3765,7217.0,"China's Global Times Mentions Qualcomm, Cisco, Apple And Boeing As 'four companies named by Chinese sources as possible targets for retaliation amid US moves against China's Huawei'",2020-05-15 08:25:00-04:00,AAPL
3766,7218.0,A Peek Into The Markets: US Stock Futures Up Ahead Of Economic Reports,2020-05-15 05:53:00-04:00,AAPL
3767,7219.0,Amazon To Manufacture Face Shields And Sell Them At Cost,2020-05-15 03:44:00-04:00,AAPL
3768,7220.0,Taiwanese Apple Supplier TSMC To Build $12B US Chip Factory After Months Of Pressure From Trump Administration,2020-05-15 00:57:00-04:00,AAPL
3769,7221.0,Apple Confirms Acquisition Of Virtual Reality Startup NextVR,2020-05-15 00:00:00-04:00,AAPL
3770,7222.0,'Apple supplier TSMC is reportedly building an Arizona chip plant' -The Verge,2020-05-14 17:00:00-04:00,AAPL
3771,7223.0,"'Apple's computerized glasses won't be ready until 2022 'at the earliest,' top analyst says' -CNBC Article",2020-05-14 13:54:00-04:00,AAPL
3772,7224.0,The Mixed Sony Effect,2020-05-14 12:33:00-04:00,AAPL
3773,7225.0,Report: FBI Seizes Sen. Richard Burr's Phone In Investigation Of Coronavirus Stock Sell-Off,2020-05-14 09:54:00-04:00,AAPL
3774,7226.0,Apple Plans To Bring Employees Back To Office Even As Tech Peers Hold Off,2020-05-13 15:15:00-04:00,AAPL
3775,7227.0,"Retail Pro Says Giants Like Amazon, Walmart Will Prevail After Coronavirus: 'It's Not Fair'",2020-05-13 13:45:00-04:00,AAPL
3776,7228.0,"Apple Encourages Chinese Tech Company To Rival Foxconn, Aims To Foster Competition",2020-05-13 06:49:00-04:00,AAPL
3777,7229.0,Apple Plans for More Workers to Go Back to Offices Over Months,2020-05-12 18:07:00-04:00,AAPL
3778,7230.0,"""Stay at Home"" Stocks Still Rule the Roost as Nvidia, Microsoft, Apple Start Week Firmly",2020-05-12 16:11:00-04:00,AAPL
3779,7231.0,"Caution Ahead: Biggest Blue-Chips Seek Change, Innovation Post-COVID-19",2020-05-12 13:49:00-04:00,AAPL
3780,7232.0,"Analyst Polishes Apple Price Target On 'Teflon-Like' Services, iPhone 12 Outlook",2020-05-12 10:58:00-04:00,AAPL
3781,7233.0,"Wedbush Maintains Outperform on Apple, Raises Price Target to $350",2020-05-12 08:43:00-04:00,AAPL
3782,7234.0,Apple Unveils Update To Logic Pro,2020-05-12 08:32:00-04:00,AAPL
3783,7235.0,Not Just Fun And Games: How Esports Could Offer Potential Investment Opportunities,2020-05-12 06:43:00-04:00,AAPL
3784,7236.0,Disney Plans Another Bonds Offering With A Six-Part Deal,2020-05-12 04:57:00-04:00,AAPL
3785,7237.0,Cruise Line Earnings Later This Week Could Provide Insight On Brutal Quarter For Industry,2020-05-11 11:27:00-04:00,AAPL
3786,7238.0,"Trump, Intel, TSMC Plan US 'Self-Sufficiency' In Semiconductors As Coronavirus Gives Supply-Chain Scare",2020-05-11 06:25:00-04:00,AAPL
3787,7239.0,"Barron's Picks And Pans: Boyd Gaming, Domino's Pizza, Exxon And More",2020-05-09 15:06:00-04:00,AAPL
3788,7240.0,Apple Option Alert: May 15 $315 Calls Sweep (52) near the Ask: 354 @ $2.154 vs 6982 OI; Ref=$309.45,2020-05-08 15:29:00-04:00,AAPL
3789,7241.0,"Apple To Give Masks To Customers Inside Retail Stores, Company To Let Customers Choose Product Pick Up Times Online",2020-05-08 15:29:00-04:00,AAPL
3790,7242.0,"Apple Says Social-Distancing Guidelines Will Limit Number Of Customers In Stores, May Create Delays For Walk-In Customers",2020-05-08 15:02:00-04:00,AAPL
3791,7243.0,"Apple To Reopen Small Number Of U.S. Stores In Idaho, South Carolina, Alabama And Alaska Starting Next Week; Says It Will Require Customers To Wear Masks, Undergo Temperature Checks Before Entering Stores",2020-05-08 15:02:00-04:00,AAPL
3792,7244.0,Apple To Reopen Germany Retail Stores May 11,2020-05-08 10:58:00-04:00,AAPL
3793,7245.0,"Along With Dramatic Jobs Data, Investors Scrutinize Recent Earnings From Uber, Square",2020-05-08 10:23:00-04:00,AAPL
3794,7246.0,Spotify CEO's Apple Barb Backfires As Sonos Points Out The 'Solid Irony',2020-05-08 04:25:00-04:00,AAPL
3795,7247.0,"A Low-Cost, FAAMNG-Heavy ETF For May",2020-05-06 17:15:00-04:00,AAPL
3796,7248.0,A Recap Of Social Media Earnings,2020-05-06 10:19:00-04:00,AAPL
3797,7249.0,"GM, Disney, Beyond Meat Results In Focus, With GM And BYND Getting Early Lift",2020-05-06 09:47:00-04:00,AAPL
3798,7250.0,'Microsoft is releasing its new AirPods rival after months of delays — and it's even cheaper than expected' -Recent Business Insider Article,2020-05-06 09:23:00-04:00,AAPL
3799,7251.0,Apple Chassis Maker Catcher Said to be Considering Leaving China to Open Factories in SouthEast Asia,2020-05-06 05:22:00-04:00,AAPL
3800,7252.0,What Apple's WWDC 2020 Invite Says About This Year's Virtual Presentation,2020-05-05 16:00:00-04:00,AAPL
3801,7253.0,"Charles Schwab Launches Fractional Shares, The Ability To Gift Stock",2020-05-05 15:35:00-04:00,AAPL
3802,7254.0,Apple to Host Virtual Worldwide Developers Conference Beginning June 22,2020-05-05 12:00:00-04:00,AAPL
3803,7255.0,"Disney, Beyond Meat And Video Game Makers All Set To Report As Firm Tone Continues",2020-05-05 09:49:00-04:00,AAPL
3804,7256.0,"Apple Capitalizes On Plunge In Yields, Issues Cheapest Bonds In Years",2020-05-05 08:46:00-04:00,AAPL
3805,7257.0,Apple Files Final Pricing Term Sheet For Offering Of $2B 0.750% Notes Due 2023,2020-05-05 06:10:00-04:00,AAPL
3806,7258.0,Apple And Google Say No To Location Tracking In Coronavirus Contact Tracing Apps,2020-05-04 22:30:00-04:00,AAPL
3807,7259.0,'Apple raises more than $8 billion in bond offering' -Tweet From CNBC Now,2020-05-04 16:33:00-04:00,AAPL
3808,7260.0,Apple Grows Smartphone Market Share Even As Overall Market Declines At Record Pace,2020-05-04 16:15:00-04:00,AAPL
3809,7261.0,"Hearing Apple To Reopen Stores Starting Friday, Region Not Specified",2020-05-04 15:53:00-04:00,AAPL
3810,7262.0,"GM, Disney In Focus Along With Friday's Payrolls Data As Stocks Appear Shaky To Start New Week",2020-05-04 09:55:00-04:00,AAPL
3811,7263.0,"Apple Announces Updated MacBook Pro Offering 10th Generation Processor For Up To 80% Faster Graphics Performance; Starting At $1,299 And $1,199 For Education",2020-05-04 08:32:00-04:00,AAPL
3812,7264.0,Apple Inc Files Prospectus Supplement Related To A Potential Four-Part Notes Offering,2020-05-04 08:16:00-04:00,AAPL
3813,7265.0,Tim Cook On Warren Buffett: 'I Don't Think There's A Better Teacher',2020-05-02 09:40:00-04:00,AAPL
3814,7266.0,"Amazon, Exxon Mobil Earnings Weigh On Market To Start New Month As Caution Steers The Wheel",2020-05-01 17:12:00-04:00,AAPL
3815,7267.0,VirnetX Shares Dip; Hearing Judge Has Ordered Retrial Regarding Damages In VirnetX vs Apple VPN On Demand Lawsuit,2020-05-01 14:36:00-04:00,AAPL
3816,7268.0,"Apple Shows Signs Of Recovery From Coronavirus, Doesn't Shake Bulls With Lack Of Guidance",2020-05-01 11:21:00-04:00,AAPL
3817,7269.0,"UPDATE: Raymond James On Apple Notes 'and those who don't buy a phone this year will have a strong incentive to buy one next year, particularly with more complete 5G networks and our belief of a stronger 2021 iPhone feature set'",2020-05-01 11:07:00-04:00,AAPL
3818,7270.0,"UPDATE: Raymond James Maintains Outperform On Apple, Raises Target To $340 Notes 'our optimism for the stock is about 2021. We think upgrades to 5G are inevitable'",2020-05-01 11:07:00-04:00,AAPL
3819,7271.0,"UPDATE: Morgan Stanley On Apple Notes 'With increased confidence in the 5G iPhone launch and stretched iPhone replacement cycles, Apple remains top pick'",2020-05-01 10:45:00-04:00,AAPL
3820,7272.0,"UPDATE: Morgan Stanley Maintains Overweight On Apple, Raises Tgt To $326 Notes 'While Apple pulled guidance, qualitative commentary leads us to raise our F3Q revenue estimate as demand improved in 2H of April and more stores will open before quarter-end'",2020-05-01 10:44:00-04:00,AAPL
3821,7273.0,"UPDATE: Cascend Reiterates Buy On Apple, Lowers Target To $325 Notes 'not providing guidance is worrying even as the company performs solidly in a difficult environment",2020-05-01 10:40:00-04:00,AAPL
3822,7274.0,"DA Davidson Maintains Buy on Apple, Lowers Price Target to $355",2020-05-01 10:35:00-04:00,AAPL
3823,7275.0,"Canaccord Genuity Maintains Buy on Apple, Raises Price Target to $310",2020-05-01 10:33:00-04:00,AAPL
3824,7276.0,"Nomura Instinet Maintains Neutral on Apple, Raises Price Target to $250",2020-05-01 10:31:00-04:00,AAPL
3825,7277.0,"Disappointment From Amazon, Apple Weighs On Market As Investors Also Consider Energy Earnings",2020-05-01 09:56:00-04:00,AAPL
3826,7278.0,"Apple shares are trading lower after the company reported revenue growth, which remained flat year over year.",2020-05-01 09:13:00-04:00,AAPL
3827,7279.0,"UBS Maintains Buy on Apple, Raises Price Target to $325",2020-05-01 09:04:00-04:00,AAPL
3828,7280.0,10 Biggest Price Target Changes For Friday,2020-05-01 08:17:00-04:00,AAPL
3829,7281.0,"B of A Securities Reiterates Buy on Apple, Raises Price Target to $320",2020-05-01 08:08:00-04:00,AAPL
3830,7282.0,"Raymond James Maintains Outperform on Apple, Raises Price Target to $340",2020-05-01 07:41:00-04:00,AAPL
3831,7283.0,"Morgan Stanley Maintains Overweight on Apple, Raises Price Target to $326",2020-05-01 07:31:00-04:00,AAPL
3832,7284.0,32 Stocks Moving in Friday's Pre-Market Session,2020-05-01 07:15:00-04:00,AAPL
3833,7285.0,"JP Morgan Maintains Overweight on Apple, Raises Price Target to $350",2020-05-01 06:48:00-04:00,AAPL
3834,7286.0,"Piper Sandler Maintains Overweight on Apple, Raises Price Target to $310",2020-05-01 06:45:00-04:00,AAPL
3835,7287.0,"Cascend Maintains Buy on Apple, Lowers Price Target to $325",2020-05-01 06:45:00-04:00,AAPL
3836,7288.0,Hearing JP Morgan Added Apple Shares To Its Bullish 'Focus List',2020-05-01 06:38:00-04:00,AAPL
3837,7289.0,A Peek Into The Markets: US Stock Futures Point To A Lower Open,2020-05-01 05:55:00-04:00,AAPL
3838,7290.0,"Apple, Huawei Each Captured a Higher Share of China's Smartphone Market in Q1, Says Canalys",2020-05-01 05:23:00-04:00,AAPL
3839,7291.0,"8 Stocks To Watch For May 1, 2020",2020-05-01 04:59:00-04:00,AAPL
3840,7292.0,Apple Increased Smartphone Market Share In China In Q1 During Pandemic: Report,2020-05-01 04:15:00-04:00,AAPL
3841,7293.0,"Apple Has 'Better Days Ahead,' Analysts Say After Q1 Earnings Beat",2020-05-01 01:09:00-04:00,AAPL
3842,7294.0,TikTok Considers Launching Reality TV Show,2020-05-01 00:54:00-04:00,AAPL
3843,7295.0,Apple CEO Tim Cook: Store Traffic Not Back To Pre-COVID-19 Levels In China,2020-04-30 17:53:00-04:00,AAPL
3844,7296.0,Apple CFO Says Advertising Also To Be Affected By June Quarter,2020-04-30 17:49:00-04:00,AAPL
3845,7297.0,Apple CFO Says Apple Care And Advertising Will Be Affected In June Quarter,2020-04-30 17:49:00-04:00,AAPL
3846,7298.0,"Apple CFO Expects Digital Services To Continue To Grow At Same Level Of Performance Seen In Mar., Qtr.; Says Expects Apple Care To Be Impacted During Jun. Qtr.",2020-04-30 17:48:00-04:00,AAPL
3847,7299.0,"Apple CEO Tim Cook Says Austria, Australia Apple Stores To Reopen In 1 To 2 Weeks",2020-04-30 17:47:00-04:00,AAPL
3848,7300.0,"Apple CEO, On TV+, Says Have Seen A Significant Uptick In Number Of People Who Are Viewing The Content As Well As The Engagement With Content",2020-04-30 17:42:00-04:00,AAPL
3849,7301.0,Apple CEO Tim Cook Sees Remote Work Sector Accelerating,2020-04-30 17:40:00-04:00,AAPL
3850,7302.0,Apple CEO: Our Products Are Even More Important In 'These Times',2020-04-30 17:38:00-04:00,AAPL
3851,7303.0,"Apple CFO: The Core Of The Company Is Innovation, Will Continue To Invest In Product Pipeline",2020-04-30 17:35:00-04:00,AAPL
3852,7304.0,"Apple CFO Says Due To Reduced Level Of Economic Activity, Services Like Apple Care And Advertising Have Been Impacted",2020-04-30 17:32:00-04:00,AAPL
3853,7305.0,Apple CFO Says Expects YoY Revenue Performance To Improve In Jun. Qtr,2020-04-30 17:27:00-04:00,AAPL
3854,7306.0,Apple CFO Says Liquidity Has Not Been Issue,2020-04-30 17:25:00-04:00,AAPL
3855,7307.0,Apple CEO Tim Cook: We Will Not Be Issuing Guidance For The Following Quarter,2020-04-30 17:12:00-04:00,AAPL
3856,7308.0,Apple CEO Tim Cook: We Envision iPad And Mac To Have Improving Year-Over-Year Performances In This Current Quarter,2020-04-30 17:11:00-04:00,AAPL
3857,7309.0,Apple CEO Tim Cook: Apple To Work With Google To Improve COVID-19 Contact Tracing,2020-04-30 17:08:00-04:00,AAPL
3858,7310.0,Apple CEO Tim Cook: Apple News Had 125M Users,2020-04-30 17:06:00-04:00,AAPL
3859,7311.0,Apple CEO Tim Cook: We Are Sourcing More Than 30M Masks For Employees Around The World,2020-04-30 17:06:00-04:00,AAPL
3860,7312.0,12 Stocks Moving In Thursday's After-Hours Session,2020-04-30 17:05:00-04:00,AAPL
3861,7313.0,"Apple Reports Big Q2 Earnings Beat, Driven By Record Services Revenue",2020-04-30 16:40:00-04:00,AAPL
3862,7314.0,Apple shares are trading higher after the company reported better-than-expected Q2 EPS and sales results. UPDATE: Shares have since reversed.,2020-04-30 16:34:00-04:00,AAPL
3863,7315.0,"Apple CEO Tim Cook ""We are confident in our future and continue to make significant investments in all areas of our business to enrich our customers' lives ... including our five-year commitment to contribute $350 billion to the United States Economy""",2020-04-30 16:33:00-04:00,AAPL
3864,7316.0,Apple Shares Trading Higher 2.3% Following Q2 Earnings,2020-04-30 16:33:00-04:00,AAPL
3865,7317.0,"Apple Q2 iPhone Sales $28.962B, Mac Sales $5.351B, iPad $4.368B, Wearables, Home, Accessories $6.284B",2020-04-30 16:32:00-04:00,AAPL
3866,7318.0,"Apple Q2 Americas Sales $25.473B, Europe $14.294B, Greater China $9.455B, Japan $5.206B, Rest Of Asia Pacific $3.885B",2020-04-30 16:31:00-04:00,AAPL
3867,7319.0,"Apple Reports Q2 Service Revenue $13.348B, Up From $11.45B YoY",2020-04-30 16:31:00-04:00,AAPL
3868,7320.0,"Apple CEO Tim Cook ""Despite COVID-19's unprecedented global impact, we're proud to report that Apple grew for the quarter, driven by an all-time record in Services and a quarterly record for Wearables""",2020-04-30 16:30:00-04:00,AAPL
3869,7321.0,"Apple Q2 EPS $2.550 Beats $2.260 Estimate, Sales $58.300B Beat $54.540B Estimate",2020-04-30 16:30:00-04:00,AAPL
3870,7322.0,"Watching Apple Shares Decline At Least 1% Head Of Earnings, Expected At 4:30",2020-04-30 16:20:00-04:00,AAPL
3871,7323.0,Morning Market Stats in 5 Minutes,2020-04-30 10:42:00-04:00,AAPL
3872,7324.0,"Apple And Amazon Up To Bat this Afternoon As Investors Ponder Microsoft, Facebook Results",2020-04-30 09:54:00-04:00,AAPL
3873,7325.0,Mike Khouw Sees Unusual Options Activity In Apple,2020-04-30 09:10:00-04:00,AAPL
3874,7326.0,"Benzinga Pro's Top 5 Stocks To Watch For Thurs., Apr. 30, 2020: AAPL, LVS, MRNA, IMKTA, CAPR",2020-04-30 08:20:00-04:00,AAPL
3875,7327.0,A Peek Into The Markets: US Stock Futures Edge Higher Ahead Of Apple Earnings,2020-04-30 06:01:00-04:00,AAPL
3876,7328.0,"10 Stocks To Watch For April 30, 2020",2020-04-30 04:59:00-04:00,AAPL
3877,7329.0,"Earnings Scheduled For April 30, 2020",2020-04-30 04:16:00-04:00,AAPL
3878,7330.0,"Shares of several technology companies are trading higher amid market strength following positive data from a study of Gilead's Remdesivir, which is being evaluated for coronavirus. A successful treatment could mean a sooner return to economic activity. NOTE: Some names may also be moving in sympathy following recent earnings from Google and some semiconductor companies.",2020-04-29 10:53:00-04:00,AAPL
3879,7331.0,"Alphabet, Boeing Shares Get A Lift Following Earnings, While GE Falls Short",2020-04-29 10:01:00-04:00,AAPL
3880,7332.0,AT&T Is Hoping HBO Max Will Turn The Tide,2020-04-29 06:47:00-04:00,AAPL
3881,7333.0,Apple Adds Coronavirus Testing Sites To Maps In US,2020-04-29 05:04:00-04:00,AAPL
3882,7334.0,"Apple Earnings Ahead: Rough Quarter, iPhone Expectations And Getting Back To Business",2020-04-28 17:31:00-04:00,AAPL
3883,7335.0,"Earnings Feast: Bring a Plate With Healthcare and Caterpillar in Morning, GOOGL And AMD Later",2020-04-28 10:06:00-04:00,AAPL
3884,7336.0,How Large Apple Option Traders Are Positioning Ahead Of Earnings,2020-04-27 17:17:00-04:00,AAPL
3885,7337.0,3 Sector ETFs For This Week's Earnings Parade,2020-04-27 16:05:00-04:00,AAPL
3886,7338.0,"Raymond James Says 'We lowered our iPhone estimates 2 weeks ago to take into account the likelihood of slower sales, and we don't see a reason to change our estimates at this time'",2020-04-27 14:35:00-04:00,AAPL
3887,7339.0,Raymond James On Reports Of Apple iPhone Delays Says 'Apple suppliers we spoke with hadn't seen changes yet'; Says 'Our conclusion is that AAPL is likely selectively notifying suppliers.',2020-04-27 14:35:00-04:00,AAPL
3888,7340.0,Will COVID-19 Accelerate The Adoption Of Autonomous Vehicles?,2020-04-27 13:38:00-04:00,AAPL
3889,7341.0,"UPDATE: B of A Securities On Apple Notes 'Although AAPL could choose to not provide any guidance,we think AAPL could also provide a much wider than normal range to encapsulate the uncertainty of COVID-19'",2020-04-27 12:10:00-04:00,AAPL
3890,7342.0,"UPDATE: B of A Securities Reiterates Buy On Apple, Raises Target To $310 Notes 'To guide or not guide; that is the question'; Firm Expects 'AAPL to report F2Q well below consensus (not fully adjusted) and to guide well below consensus as well'",2020-04-27 12:09:00-04:00,AAPL
3891,7343.0,"SpotlightNews Informs Communities, Extends Helping Hand To Small Publishers",2020-04-27 11:38:00-04:00,AAPL
3892,7344.0,"B of A Securities Earlier Reiterated Buy on Apple, Raised Price Target to $310",2020-04-27 11:22:00-04:00,AAPL
3893,7345.0,Morning Market Stats in 5 Minutes,2020-04-27 10:33:00-04:00,AAPL
3894,7346.0,"Apple And Amazon Earnings, Fed Meeting Among Highlights In Busy Week Ahead",2020-04-27 09:44:00-04:00,AAPL
3895,7347.0,UPDATE: Apple Cut Number Of Flagship iPhone Units Being Produced Over Jul. To Dec. Period By As Much As 20%,2020-04-27 08:53:00-04:00,AAPL
3896,7348.0,Apple Shares Down 0.9% Since Earlier Dow Jones Report Co. Has Delayed Its Production Ramp Up For Flagship iPhones By About 1 Month,2020-04-27 08:52:00-04:00,AAPL
3897,7349.0,"Apple Is Pushing Back New iPhone Production, WSJ Reports",2020-04-27 08:06:00-04:00,AAPL
3898,7350.0,Carter Worth And Mike Khouw's Apple Trade,2020-04-27 07:36:00-04:00,AAPL
3899,7351.0,Global Smartphone Shipments to Fall to 1.15B Units in 2020,2020-04-27 05:28:00-04:00,AAPL
3900,7352.0,Amazon Pilots Online Screening Of New Sellers During Pandemic,2020-04-26 23:07:00-04:00,AAPL
3901,7353.0,"Bulls And Bears Of The Week: Amazon, Boeing, Disney, Netflix And More",2020-04-25 15:20:00-04:00,AAPL
3902,7354.0,"Nvidia Reportedly Eyeing 5nm Chips Even As Apple, AMD Ramp Up Orders",2020-04-24 13:48:00-04:00,AAPL
3903,7355.0,"Apple Shares Unaffected As Hearing Trump Says He Spoke With Tim Cook, Trump Says Cook Believes Economy Will See V-Shaped Recovery",2020-04-24 12:31:00-04:00,AAPL
3904,7356.0,10 Biggest Price Target Changes For Friday,2020-04-24 08:12:00-04:00,AAPL
3905,7357.0,Hearing Credit Suisse Asia Sees Apple Cutting iPhone Jul. To Sept. Production By 30% Given A Delay In Production Ramp For 2020 Models,2020-04-24 07:05:00-04:00,AAPL
3906,7358.0,"Apple Says No Evidence That Hackers Exploited Vulnerability In iPhones, iPads To Steal Data",2020-04-24 06:41:00-04:00,AAPL
3907,7359.0,Apple Says No Evidence iPhone Mail Flaw Used Against Customers,2020-04-24 05:26:00-04:00,AAPL
3908,7360.0,"Apple Analyst Braces For 'Friday The 13th'-Like Q2, Says iPhone On Track",2020-04-23 14:36:00-04:00,AAPL
3909,7361.0,"Apple Reportedly Shifting Away From Intel, Will Make Its Own Mac Chips",2020-04-23 11:19:00-04:00,AAPL
3910,7362.0,Intel Shares Unaffected Following NY Post Article 'Apple to reportedly use its own chips for Macs instead of Intel's next year',2020-04-23 10:28:00-04:00,AAPL
3911,7363.0,10 Biggest Price Target Changes For Thursday,2020-04-23 08:29:00-04:00,AAPL
3912,7364.0,"Daiwa Capital Downgrades Apple to Outperform, Lowers Price Target to $297",2020-04-23 06:14:00-04:00,AAPL
3913,7365.0,"Apple Acknowledges Security Flaw in iPhone, iPads That Hackers May Have Used To Steal Data For Years",2020-04-23 05:25:00-04:00,AAPL
3914,7366.0,Another Autonomous Trucking Startup Announces Layoffs,2020-04-22 19:22:00-04:00,AAPL
3915,7367.0,These Companies Could Rebound Sharply After The COVID-19 Crisis,2020-04-22 14:58:00-04:00,AAPL
3916,7368.0,"Little Things Count: After Selloff To Start Week, A Bit of Light Arrives With Positive Earnings",2020-04-22 09:46:00-04:00,AAPL
3917,7369.0,Gene Munster Sees Apple And Tesla As Biggest Winners This Earnings Season,2020-04-22 07:40:00-04:00,AAPL
3918,7370.0,How Stable Are Their Networks? AT&T And Verizon Set To Release Q1 Earnings,2020-04-21 14:33:00-04:00,AAPL
3919,7371.0,Shares of several technology companies are trading lower amid overall market weakness following a collapse in oil prices. Oil has been negatively impacted by excess supply and low demand amid the coronavirus pandemic.,2020-04-21 10:52:00-04:00,AAPL
3920,7372.0,Tuesday's Market Minute: The Streaming Comeback Kid: Netflix,2020-04-21 10:02:00-04:00,AAPL
3921,7373.0,Apple Shares Spike 1.5% Amid Nikkei Report Co. Aiming To Increase iPhone Output By 4% Through Mar.,2020-04-21 08:27:00-04:00,AAPL
3922,7374.0,Apple Likely to Defer New Airpods Pro Launch,2020-04-21 05:47:00-04:00,AAPL
3923,7375.0,Apple Services Now Available in More Countries Around the World,2020-04-21 05:42:00-04:00,AAPL
3924,7376.0,Jerremy Newsome Shares The Rules For His Options Strategy,2020-04-20 21:00:00-04:00,AAPL
3925,7377.0,Coronavirus Sell-Off A Major Opportunity For Activist Investors,2020-04-20 10:16:00-04:00,AAPL
3926,7378.0,"Halliburton, United, Among Key Names Reporting Results, With More Airlines Due Later In Week",2020-04-20 09:43:00-04:00,AAPL
3927,7379.0,"Bulls And Bears Of The Week: Caterpillar, Facebook, Microsoft And More",2020-04-19 12:56:00-04:00,AAPL
3928,7380.0,"'Options Action' Traders Weigh In On Apple, S&P 500, Crude Oil",2020-04-18 16:44:00-04:00,AAPL
3929,7381.0,Smart Option Trading CEO On Gaining An Edge With Options: 'They Show The Overall Sentiment',2020-04-18 16:12:00-04:00,AAPL
3930,7382.0,"Gene Munster Dismisses Goldman's Apple Downgrade, Says Cupertino Has Long-Term Earnings Power",2020-04-17 15:59:00-04:00,AAPL
3931,7383.0,"Goldman Turns Bearish On Apple, Qualcomm, Projects 36% Drop In Q2 iPhone Sales",2020-04-17 12:17:00-04:00,AAPL
3932,7384.0,"Big Earnings Day As Honeywell, Procter & Gamble, Schlumberger Among Those Reporting",2020-04-17 09:46:00-04:00,AAPL
3933,7385.0,'Apple supplier Foxconn steps up semiconductor plans with deal to build a new base in Qingdao' -South China Morning Post,2020-04-17 09:39:00-04:00,AAPL
3934,7386.0,"Benzinga's Top Upgrades, Downgrades For April 17, 2020",2020-04-17 09:31:00-04:00,AAPL
3935,7387.0,"UPDATE: Goldman Sachs Downgrades Apple To Sell, Lowers Target To $233 'as COVID-19 downturn drives reduced 2021 forecasts'",2020-04-17 09:20:00-04:00,AAPL
3936,7388.0,10 Biggest Price Target Changes For Friday,2020-04-17 08:14:00-04:00,AAPL
3937,7389.0,A Peek Into The Markets: US Stock Futures Signal Higher Start On Wall Street,2020-04-17 05:54:00-04:00,AAPL
3938,7390.0,"Goldman Sachs Downgrades Apple to Sell, Lowers Price Target to $233",2020-04-17 05:33:00-04:00,AAPL
3939,7391.0,"Apple Reopening Store In Seoul, First Outside China",2020-04-17 03:07:00-04:00,AAPL
3940,7392.0,"Big Stocks Moving After Hours As Market Cheers Gilead, 'Reopening' Updates",2020-04-16 19:30:00-04:00,AAPL
3941,7393.0,S&P 500 Futures Up 3.2% After Hours; Many Other Stocks Moving Higher With Futures; Investors Reacting Favorably To White Phase Guidelines On Reopening Economy,2020-04-16 18:11:00-04:00,AAPL
3942,7394.0,"Apple's Tim Cook Tells Staff Mgmt. Is Unclear When Employees Will Be Able To Return To Offices, Says Offices Will Likely Have Temperature Checks, Social Distancing Efforts",2020-04-16 16:07:00-04:00,AAPL
3943,7395.0,Comcast's Peacock Takes Well-Timed Flight,2020-04-16 13:51:00-04:00,AAPL
3944,7396.0,Apple shares are trading higher after Deutsche Bank maintained its Buy rating on the stock and raised its price target from $270 to $285 per share.,2020-04-16 11:14:00-04:00,AAPL
3945,7397.0,"Deutsche Bank Maintains Buy on Apple, Raises Price Target to $285",2020-04-16 10:03:00-04:00,AAPL
3946,7398.0,"Morgan Stanley Misses On EPS, But Shows Strong Trading Results For Q1 As Banks Wrap Up",2020-04-16 09:49:00-04:00,AAPL
3947,7399.0,'Apple's only retail store in South Korea reopening April 18' -9to5Mac,2020-04-16 06:41:00-04:00,AAPL
3948,7400.0,Software Rises Above Semiconductors And Hardware As Tech Heads Into Earnings Season,2020-04-15 20:10:00-04:00,AAPL
3949,7401.0,"US Senator Blumenthal Says Apple, Google Have A 'Lot Of Work To Do' To Convince People Coronavirus Contact Tracing Will Not Violate Privacy",2020-04-15 15:14:00-04:00,AAPL
3950,7402.0,Apple Ready To Launch 'iPhone 9'; Analyst Says Initial Sales Could Reach 25M Units,2020-04-15 13:30:00-04:00,AAPL
3951,7403.0,Every Member Of Trump's 'Great American Economic Revival' Industry Groups,2020-04-15 13:09:00-04:00,AAPL
3952,7404.0,BioXcel Therapeutics CEO Says Wearable Devices Are Another Tool To Combat Alzheimer's Agitation,2020-04-15 12:03:00-04:00,AAPL
3953,7405.0,"Apple Shares Unaffected Following Co. Press Release Highlighting Second-Generation iPhone SE, Starting At $399",2020-04-15 11:02:00-04:00,AAPL
3954,7406.0,"Apple Makes Available Its Mobility Data To Aid In Coronavirus Efforts, Says Trends Tool From Apple Maps Can Help Mitigate Spread Of Virus",2020-04-14 12:32:00-04:00,AAPL
3955,7407.0,Apple shares are trading higher after it was reported the company shipped 2.5 million iPhones in China in March.,2020-04-14 10:40:00-04:00,AAPL
3956,7408.0,"JPMorgan, Wells Fargo Earnings Lower Than Expected, But Positive Tone Helps Shares",2020-04-14 09:56:00-04:00,AAPL
3957,7409.0,Apple And Google Give Details On Their Joint Coronavirus Contact Tracing Tool,2020-04-14 08:03:00-04:00,AAPL
3958,7410.0,Apple Shipped 2.5M iPhones in China in March,2020-04-14 05:22:00-04:00,AAPL
3959,7411.0,"IDC Issues PC Report For Q1, Shows 'Sharp Decline in Q1 2020 Despite Increased Demand to Meet Remote Work and School Needs'",2020-04-13 16:01:00-04:00,AAPL
3960,7412.0,Commentary: Why Supply Chains Are Weaker Than Their Weakest Link,2020-04-13 12:26:00-04:00,AAPL
3961,7413.0,Apple Reportedly Planning Major iPhone Design Overhaul For Fall Launches,2020-04-13 12:09:00-04:00,AAPL
3962,7414.0,"Raymond James Maintains Outperform on Apple, Lowers Price Target to $305",2020-04-13 08:27:00-04:00,AAPL
3963,7415.0,Apple And Google Team Up To Build Bluetooth Solution To Tackle COVID-19 Pandemic,2020-04-13 06:37:00-04:00,AAPL
3964,7416.0,"Bloomberg Reports iPhone 12 to Feature Redesigned Stainless Steel Chasis, Cheaper Homepod to be Out Later This Year",2020-04-13 06:08:00-04:00,AAPL
3965,7417.0,"Apple's Stock Will Outperform Other FAANG Stocks In 2020, Long-Term Future 'Among The Brightest', Munster Says",2020-04-12 22:58:00-04:00,AAPL
3966,7418.0,"Benzinga's Bulls And Bears Of The Week: Apple, Disney, Intel And More",2020-04-11 14:10:00-04:00,AAPL
3967,7419.0,Communications Services Sector Earnings: When Staying In Becomes The Trend,2020-04-09 15:39:00-04:00,AAPL
3968,7420.0,Will FANG Lead The Market Rebound?,2020-04-09 12:04:00-04:00,AAPL
3969,7421.0,Apple At A 'Fork In The Road' As Disney+ Reports 50M Subscribers,2020-04-09 10:52:00-04:00,AAPL
3970,7422.0,"Nomura Maintains Neutral on Apple, Raises Price Target to $240",2020-04-09 10:42:00-04:00,AAPL
3971,7423.0,2 Companies Well Positioned To Weather The Coronavirus Storm,2020-04-09 10:38:00-04:00,AAPL
3972,7424.0,Disney Shares Climb 7% As Video On Demand Service Crosses 50M Subscribers,2020-04-08 22:16:00-04:00,AAPL
3973,7425.0,"Netflix, YouTube, Disney+: Which Video Streaming Platform Do Teens Watch The Most?",2020-04-08 15:32:00-04:00,AAPL
3974,7426.0,The Show Must Go On – Event Industry Rising To The Challenge Of COVID-19,2020-04-08 13:52:00-04:00,AAPL
3975,7427.0,Global Payments Firm Papaya Global Publishes International COVID-19 Crisis Guides For Employers,2020-04-08 12:03:00-04:00,AAPL
3976,7428.0,Watching Apple Shares; Hearing Traders Circulating Word Of Earlier Article From China Publication Suggesting Apple Cut Orders From China Suppliers,2020-04-08 11:52:00-04:00,AAPL
3977,7429.0,Shares of several technology companies are trading higher amid overall market strength on optimism that US coronavirus cases could soon leveling off. NOTE: Some names in the sector have potentially benefited from recent work-at-home trends.,2020-04-08 10:13:00-04:00,AAPL
3978,7430.0,10 Biggest Price Target Changes For Wednesday,2020-04-08 08:22:00-04:00,AAPL
3979,7431.0,"JP Morgan Maintains Overweight on Apple, Lowers Price Target to $335",2020-04-08 06:45:00-04:00,AAPL
3980,7432.0,Hearing Piper Sandler Raised Apple Price Target From $260 To $300; Unconfirmed,2020-04-08 06:22:00-04:00,AAPL
3981,7433.0,iPhone Maker Foxconn To Produce Ventilators In US,2020-04-08 06:20:00-04:00,AAPL
3982,7434.0,"Shares of several technology, semiconductor, and software companies are trading higher amid optimism that coronavirus cases in Asia are potentially easing. Global slowing cases could raise hopes of a sooner return to spending and economic activity.",2020-04-07 07:45:00-04:00,AAPL
3983,7435.0,Microsoft Hires ex-Apple Exec Caballero in Charge of Wireless for Hardware,2020-04-07 05:22:00-04:00,AAPL
3984,7436.0,"3M, Trump Strike Deal To Import 166.5M Masks From China, Company To Continue To Supply Abroad",2020-04-06 22:28:00-04:00,AAPL
3985,7437.0,Investor Movement Index Summary: March 2020,2020-04-06 13:54:00-04:00,AAPL
3986,7438.0,Apple's iPhone 9 Launch Could Be Imminent,2020-04-06 12:23:00-04:00,AAPL
3987,7439.0,"Apple Rumored To Be Eyeing $100M Acquisition Of AR, VR Company NextVR",2020-04-06 09:59:00-04:00,AAPL
3988,7440.0,Apple shares are trading higher potentially due to the company announcing it would produce 1 million face shields per week for healthcare workers.,2020-04-06 08:13:00-04:00,AAPL
3989,7441.0,Apple To Make 1M Face Shields Per Week For Coronavirus Health Workers,2020-04-05 22:46:00-04:00,AAPL
3990,7442.0,Apple Said to be Likely Buyer of AR/VR Company NextVR for ~$100M,2020-04-04 17:10:00-04:00,AAPL
3991,7443.0,"Barron's Picks And Pans: Post-Pandemic Ideas, Safe Dividends And More",2020-04-04 14:25:00-04:00,AAPL
3992,7444.0,Roland Garros Is Giving Us Hope – Shall We Dare to Dream?,2020-04-03 12:45:00-04:00,AAPL
3993,7445.0,"Morgan Stanley Maintains Overweight on Apple, Lowers Price Target to $298",2020-04-03 09:49:00-04:00,AAPL
3994,7446.0,"Credit Suisse Maintains Neutral on Apple, Lowers Price Target to $260",2020-04-03 08:47:00-04:00,AAPL
3995,7447.0,Apple Accidentally Confirms Unreleased Product That Helps Users Find Lost Items,2020-04-03 05:36:00-04:00,AAPL
3996,7448.0,Apple Tells Staff U.S. Stores to Remain Closed Until Early May,2020-04-03 05:16:00-04:00,AAPL
3997,7450.0,Credit Suisse Compiles List Of Corporations With Most And Least Cash,2020-04-02 06:57:00-04:00,AAPL
3998,7451.0,"A Peek Into The Markets: US Stock Futures Gain, Jobless Claims In Focus",2020-04-02 05:59:00-04:00,AAPL
3999,7452.0,Amazon Offers Prime Video Purchases On iOS As Apple Foregoes 30% Third-Party Tax,2020-04-02 05:30:00-04:00,AAPL
4000,7453.0,Is Roku Above Other Streamers – A SWOT Approach,2020-04-01 15:18:00-04:00,AAPL
4001,7454.0,"Hearing Apple, Goldman To Let Card Holders Defer April Payments",2020-04-01 13:44:00-04:00,AAPL
4002,7455.0,Apple Analyst Projects 'Multi-Quarter Impact' On iPhone Shipments From COVID-19 Pandemic,2020-04-01 10:38:00-04:00,AAPL
4003,7456.0,Some Staples Stocks Bouncing Back After Sliding In Recent Rally As Caution Tightens Grip,2020-04-01 09:52:00-04:00,AAPL
4004,7457.0,"Shares of several technology, semiconductor, and software companies are trading lower amid market weakness as macro concerns continue to grow as a result of the coronavirus pandemic. The White House said it expects a surge in cases over the next 2 weeks.",2020-04-01 07:33:00-04:00,AAPL
4005,7458.0,"A Peek Into The Markets: US Stock Futures Tumble Ahead Of ADP, Manufacturing Reports",2020-04-01 05:55:00-04:00,AAPL
4006,7459.0,Here's How The 'MAGA' Tech Giant Stocks Performed In Q1,2020-04-01 04:50:00-04:00,AAPL
4007,7460.0,"Apple Acquires DarkSky, Weather App To Be Pulled From Android",2020-03-31 22:36:00-04:00,AAPL
4008,7461.0,What Google And Is Doing To Fight The Coronavirus,2020-03-31 15:16:00-04:00,AAPL
4009,7462.0,Apple Acquires Dark Sky Weather App,2020-03-31 13:44:00-04:00,AAPL
4010,7463.0,"Strategist Channels His Inner Elsa, Says Apple Investors Need To Let It Go",2020-03-31 09:16:00-04:00,AAPL
4011,7464.0,Japan Display to Raise $200M by Selling Display Production Equipment to Overseas Client Said to be Apple,2020-03-31 05:32:00-04:00,AAPL
4012,7465.0,Ad Sales Decrease With Covid-19 But Digital Holds The Key,2020-03-30 15:56:00-04:00,AAPL
4013,7466.0,Shares of several technology companies are trading higher as equities continue to rise following last week's rebound amid US stimulus measures.,2020-03-30 10:23:00-04:00,AAPL
4014,7467.0,"UBS Maintains Buy on Apple, Lowers Price Target to $290",2020-03-30 09:20:00-04:00,AAPL
4015,7468.0,Apple Supplier Foxconn's Profit Falls Nearly 25% Year-Over-Year: Report,2020-03-30 09:08:00-04:00,AAPL
4016,7469.0,8 Best Investment Strategies During A Recession,2020-03-29 12:30:00-04:00,AAPL
4017,7470.0,Options Trading: What Is It And How To Do It?,2020-03-28 19:22:00-04:00,AAPL
4018,7471.0,Loup Ventures Says Believes Demand For 5G iPhone Will Be Initially Muted 'as it will reflect overall consumer demand in the fall which we expect to be soft'; Says Believes Apple Is 'One Of The Best Ways' To Invest In 5G Transformation,2020-03-27 15:46:00-04:00,AAPL
4019,7472.0,"Loup Ventures Says 'Taking the view that China production will remain stable (which can quickly change), the supply chain should be positioned to supply several million iPhones by the end of September, in line with supply for previous launches.'",2020-03-27 15:45:00-04:00,AAPL
4020,7473.0,"Loup Ventures Says Believes It Is Still Likely Apple Will Host A Fall 5G iPhone Launch; Notes China Manufacturing And Assembly, Including Some Apple Partners Are Starting To Ramp Up Production",2020-03-27 15:44:00-04:00,AAPL
4021,7474.0,"For Some Companies, A Sliver Of Good News During COVID-19",2020-03-27 15:15:00-04:00,AAPL
4022,7475.0,"'New #COVID19 screening app developed by @Apple, in partnership with @CDCgov, @fema and the @WhiteHouse #coronavirus task force.' -VOA's Steve Herman",2020-03-27 12:17:00-04:00,AAPL
4023,7476.0,"Regional Banks, Other Cyclicals Saw Buying Interest Yesterday Amid Stimulus Hopes",2020-03-27 09:59:00-04:00,AAPL
4024,7477.0,"'Apple iPhone demand destruction 'intensifying,' says Cleveland Research' - Walter Bloomberg",2020-03-27 09:48:00-04:00,AAPL
4025,7478.0,"Shares of several technology, semiconductor, and software companies are trading lower as a potential sell-off from this week's strength. While US stimulus legislation has boosted economic optimism, demand concerns still exist amid the coronavirus.",2020-03-27 09:27:00-04:00,AAPL
4026,7479.0,"1,000 Google Employees Volunteer To Help Expand Sister Company's Coronavirus Testing Program",2020-03-27 06:45:00-04:00,AAPL
4027,7480.0,Apple PCB Suppliers Dismiss Speculation about 5G iPhone Delay,2020-03-27 05:14:00-04:00,AAPL
4028,7481.0,Huawei Releases Latest Flagship Phone Amid Global Coronavirus Lockdown,2020-03-27 05:01:00-04:00,AAPL
4029,7482.0,"Trump Lashes Out At Washington, Michigan Governors For Pandemic Response: 'We Don't Like To See The Complaints'",2020-03-27 01:21:00-04:00,AAPL
4030,7483.0,Roku Or Netflix – Which One Is Better In The Near Term?,2020-03-26 14:42:00-04:00,AAPL
4031,7484.0,Tim Cook Announces Apple 10M Masks Donation To US Health Workers,2020-03-26 00:50:00-04:00,AAPL
4032,7485.0,Apple Shares Tank As Report Says New iPhone Launch Could Be Moved To Next Year,2020-03-25 22:11:00-04:00,AAPL
4033,7486.0,"'Apple weighs delaying 5G iPhone launch by months, sources say' -Nikkei",2020-03-25 15:44:00-04:00,AAPL
4034,7487.0,"Apple's Tim Cook Says Has Been Able To 'Source 10M masks for the US and millions more' For Regions In Europe, Says ' Our ops teams are helping to find and purchase masks from our supply chain in coordination with governments around the world.'",2020-03-25 15:24:00-04:00,AAPL
4035,7488.0,COVID-19 Crisis Could Make Big Tech Even Stronger,2020-03-25 12:52:00-04:00,AAPL
4036,7489.0,"Tesla, Wayfair And Other Profitable Short Trades Could Get A Short Covering Boost",2020-03-25 10:25:00-04:00,AAPL
4037,7490.0,"'Huawei is set to release its #P40 phone series on Thursday, a move that analysts predicted could help push up its phone shipments and even surpass major counterpart @Apple in the short term' -Tweet From China's Global Times Biz",2020-03-25 09:49:00-04:00,AAPL
4038,7491.0,"Airline Shares Jump As Stimulus Agreement Offers Relief, While Nike Up On Earnings",2020-03-25 09:42:00-04:00,AAPL
4039,7492.0,"A Peek Into The Markets: US Stock Futures Surge After Senate, White House Strike Deal On Coronavirus Stimulus Package",2020-03-25 06:11:00-04:00,AAPL
4040,7493.0,Apple Said to be Accelerating Production Relocation Outside China,2020-03-25 05:21:00-04:00,AAPL
4041,7494.0,"Deutsche Bank Upgrades Apple to Buy, Announces $270 Price Target",2020-03-25 05:01:00-04:00,AAPL
4042,7495.0,120 Biggest Movers From Yesterday,2020-03-25 04:02:00-04:00,AAPL
4043,7496.0,'Apple Expects to Start Reopening Stores in First Half of April' -Bloomberg,2020-03-24 15:17:00-04:00,AAPL
4044,7497.0,Apple Expects Stores To Start Re-Opening In First Half On April,2020-03-24 14:43:00-04:00,AAPL
4045,7498.0,Apple Store Closures Could Leave Some Device Owners In The Lurch: Report,2020-03-24 13:06:00-04:00,AAPL
4046,7499.0,75 Stocks Moving In Tuesday's Mid-Day Session,2020-03-24 12:50:00-04:00,AAPL
4047,7500.0,"Rise In Semiconductor, Cloud Computing Stocks Could Set Tone For Broader Economy",2020-03-24 09:56:00-04:00,AAPL
4048,7501.0,Shares of several technology companies are trading higher amid market strength on hopes of a US economic stimulus package agreement.,2020-03-24 09:10:00-04:00,AAPL
4049,7502.0,26 Stocks Moving in Tuesday's Pre-Market Session,2020-03-24 07:12:00-04:00,AAPL
4050,7503.0,Twitter Expects Q1 Operating Loss As Pandemic Hurts Ad Sales,2020-03-23 22:29:00-04:00,AAPL
4051,7504.0,Foxconn Has Secured Enough Workers To Meet 'Seasonal Demand' At All Major Chinese Plants,2020-03-23 12:27:00-04:00,AAPL
4052,7505.0,"Shares of some technology companies are trading lower amid market volatility. Sunday's fiscal stimulus bill failed a procedural senate vote while the Fed on Monday announced stimulus measures. NOTE: Sector is mixed, with some names up for the session.",2020-03-23 11:14:00-04:00,AAPL
4053,7506.0,"Nomura Instinet Maintains Neutral on Apple, Lowers Price Target to $225",2020-03-23 10:12:00-04:00,AAPL
4054,7507.0,"How Tim Cook, Mark Zuckerberg And Other Tech CEOs Are Helping Fight The Global Pandemic",2020-03-23 08:21:00-04:00,AAPL
4055,7508.0,3 ETFs To Short The Dow,2020-03-23 07:40:00-04:00,AAPL
4056,7509.0,Apple Dropped Two-device Limit on Online Purchases of iPhones,2020-03-23 05:33:00-04:00,AAPL
4057,7510.0,Cisco Pledges $225M To Fight Global Coronavirus Pandemic,2020-03-23 03:37:00-04:00,AAPL
4058,7511.0,"Barron's Picks And Pans: Big Tech Picks, Bank Stocks Large and Small And More",2020-03-21 16:11:00-04:00,AAPL
4059,7512.0,"Shares of several technology companies are trading higher. Market strength has been attributed to strong containment measures taken by California, rebound in oil, central bank actions and expectations of increased technology usage amid the virus outbreak.",2020-03-20 08:31:00-04:00,AAPL
4060,7513.0,Apple Limits Online iPhone Purchases To Two After Closing All Stores Outside China,2020-03-20 06:15:00-04:00,AAPL
4061,7514.0,Will Big Tech Come To The Rescue Against COVID-19?,2020-03-19 10:12:00-04:00,AAPL
4062,7515.0,"Canaccord Genuity Maintains Buy on Apple, Lowers Price Target to $300",2020-03-19 08:50:00-04:00,AAPL
4063,7516.0,"Oil Giants Persist In Paradoxical Behavior, But They Can Afford It",2020-03-18 11:26:00-04:00,AAPL
4064,7517.0,"Travel, Airline Stocks In Focus Amid Fresh Weakness; Amazon To Hire 100,000 Workers",2020-03-18 09:53:00-04:00,AAPL
4065,7518.0,"Shares of several technology, software and semiconductor companies are trading lower as equities sell off amid continued global coronavirus concerns. The virus has caused global economic disruption and negatively impacted stocks across sectors.",2020-03-18 08:48:00-04:00,AAPL
4066,7519.0,Apple Unveils New iPad Pro And New MacBook Air,2020-03-18 08:01:00-04:00,AAPL
4067,7520.0,"UPDATE: Apple Previously Announced Closing Of Retail Locations Til Mar. 27, Now Says 'Until Further Notice'",2020-03-17 11:48:00-04:00,AAPL
4068,7521.0,Hearing Apple To Close All Retail Stores Until Further Notice,2020-03-17 11:46:00-04:00,AAPL
4069,7522.0,Apple shares are trading higher as tech stocks rebound following Monday's crash. Morgan Stanley analysts today maintained an overweight rating on the stock.,2020-03-17 11:42:00-04:00,AAPL
4070,7523.0,"Trump Says Will Expand Medicare Telehealth Service Offers, Working With Skype, Apple For FaceTime",2020-03-17 11:42:00-04:00,AAPL
4071,7524.0,"Jefferies Reiterates Buy on Apple, Lowers Price Target to $320",2020-03-17 10:23:00-04:00,AAPL
4072,7525.0,10 Biggest Price Target Changes For Tuesday,2020-03-17 09:06:00-04:00,AAPL
4073,7526.0,"Morgan Stanley Maintains Overweight on Apple, Lowers Price Target to $328",2020-03-17 08:47:00-04:00,AAPL
4074,7527.0,A Peek Into The Markets: US Stock Futures Gain Ahead Of Economic Reports,2020-03-17 06:49:00-04:00,AAPL
4075,7528.0,Apple Hit With $1.2B Fine By French Antitrust Authorities,2020-03-17 06:43:00-04:00,AAPL
4076,7529.0,110 Biggest Movers From Yesterday,2020-03-17 06:13:00-04:00,AAPL
4077,7530.0,So-Called 'MAGA' Stocks Lose $1T Market Value In A Single Day,2020-03-17 01:42:00-04:00,AAPL
4078,7531.0,NBCUniversal Releases Movies On-Demand Same Time As Theaters Due To Coronavirus,2020-03-17 01:10:00-04:00,AAPL
4079,7532.0,McDonald's Switches To 'Walk-In-Take-Out' Model In All Company-Owned Restaurants Due To Coronavirus,2020-03-16 23:55:00-04:00,AAPL
4080,7533.0,"Amazon Hiring 100,000 Workers To Meet Increased Demand As Coronavirus Forces Social Distancing",2020-03-16 22:16:00-04:00,AAPL
4081,7534.0,Apple Analyst Says 'Uncertainty Remains Too High' To Buy The Dip,2020-03-16 14:12:00-04:00,AAPL
4082,7535.0,95 Stocks Moving In Monday's Mid-Day Session,2020-03-16 12:00:00-04:00,AAPL
4083,7536.0,5 Reasons Why Amazon Is Morgan Stanley's Top Pick,2020-03-16 11:41:00-04:00,AAPL
4084,7537.0,"Banks, Airlines, Apple Among Stocks Being Hit Hard Despite Fed Cutting Rates To Zero",2020-03-16 10:01:00-04:00,AAPL
4085,7538.0,22 Stocks Moving in Monday's Pre-Market Session,2020-03-16 07:24:00-04:00,AAPL
4086,7539.0,Apple shares are trading lower following a report suggesting the company was fined €1.1B by the French Competition Authority for anti-competitive behavior in its distribution network.,2020-03-16 07:24:00-04:00,AAPL
4087,7540.0,Apple Fined €1.1B byFrench Competition Authority for Anti-competitive Behaviour in Its Distribution Network,2020-03-16 05:42:00-04:00,AAPL
4088,7541.0,144 Biggest Movers From Friday,2020-03-16 05:03:00-04:00,AAPL
4089,7542.0,Walmart Shortens Store Operating Hours In Response To Coronavirus Outbreak,2020-03-16 04:50:00-04:00,AAPL
4090,7543.0,"Starbucks Switches To 'To Go' Model As Coronavirus Spreads, Closes Some Stores",2020-03-15 22:54:00-04:00,AAPL
4091,7544.0,Loup Ventures' Munster Says Apple 'Is Doing It Right' With Coronavirus Response,2020-03-15 22:16:00-04:00,AAPL
4092,7545.0,"Bulls And Bears Of The Week: Apple, Boeing, FANGs And More",2020-03-15 09:45:00-04:00,AAPL
4093,7546.0,Nike Stores Across The World To Temporarily Close,2020-03-15 09:21:00-04:00,AAPL
4094,7547.0,"Barron's Picks And Pans: Roundtable Picks, Airline And Oil Stocks, And More",2020-03-14 12:58:00-04:00,AAPL
4095,7548.0,All Apple Stores Outside Of China To Temporarily Close,2020-03-14 11:02:00-04:00,AAPL
4096,7549.0,Canopy Growth's Storz & Bickel Bypasses Apple's Vaping App Ban With New Web App,2020-03-13 13:29:00-04:00,AAPL
4097,7550.0,88 Stocks Moving In Friday's Mid-Day Session,2020-03-13 12:38:00-04:00,AAPL
4098,7551.0,VirnetX Receives ~$454M Payment In Apple Suit,2020-03-13 12:36:00-04:00,AAPL
4099,7552.0,Apple's Worldwide Developers Conference 2020 To Be Held In Online Format,2020-03-13 12:01:00-04:00,AAPL
4100,7553.0,"Regulators Aiming To Break Of Big Tech Are Receiving ""Help"" From COVID-19",2020-03-13 10:12:00-04:00,AAPL
4101,7554.0,"Apple Gets Upgrade, Futures Reverse Downward Course As Washington Stimulus Awaited",2020-03-13 09:57:00-04:00,AAPL
4102,7555.0,Oracle Might Not Challenge Cloud Providers But Investors Are Pleased,2020-03-13 09:54:00-04:00,AAPL
4103,7556.0,Apple shares are trading higher after Wells Fargo upgraded the stock from Equal-Weight to Overweight and announced a $315 price target. NOTE: The overall market is also rebounding from Thursday's crash.,2020-03-13 09:07:00-04:00,AAPL
4104,7557.0,Apple Reopens All China Stores As Coronavirus Cases Drop In Country,2020-03-13 08:26:00-04:00,AAPL
4105,7558.0,Apple Still Looks to Ship 90M AirPods in 2020,2020-03-13 05:36:00-04:00,AAPL
4106,7559.0,"Wells Fargo Upgrades Apple to Overweight, Announces $315 Price Target",2020-03-13 05:33:00-04:00,AAPL
4107,7560.0,Selling Picks Up In Worst Day Since 1987 As Fear Continues To Drive Markets Lower,2020-03-12 17:15:00-04:00,AAPL
4108,7561.0,Financial Pro Says Trump 'Solidified' Fears Of Economic Slowdown,2020-03-12 12:40:00-04:00,AAPL
4109,7562.0,E-Commerce Is Among The Lucky Ones With The Tools To Amortize The Coronavirus Blow,2020-03-12 12:02:00-04:00,AAPL
4110,7563.0,"Technical Pro: Apple A 'Great Company,' Not A 'Great Stock' Right Now",2020-03-12 10:35:00-04:00,AAPL
4111,7564.0,"Shares of several technology, software and semiconductor companies are trading lower as equities sell off amid continued global coronavirus concerns. The virus has caused global economic disruption and negatively impacted stocks across sectors.",2020-03-12 09:02:00-04:00,AAPL
4112,7565.0,CME To Shut Down Chicago Trading Floor Over Coronavirus Concerns,2020-03-11 22:01:00-04:00,AAPL
4113,7566.0,Here's How Large Option Traders Are Playing High-Yield AT&T As Market Falls,2020-03-11 14:20:00-04:00,AAPL
4114,7567.0,Apple To Close All Italy Stores Until Further Notice,2020-03-11 14:10:00-04:00,AAPL
4115,7568.0,"Despite Volatility, FANG Continues to Prove Its Popularity",2020-03-11 12:44:00-04:00,AAPL
4116,7569.0,"UPDATE: BofA Securities On Apple Notes 'We reiterate Buy on large cash balance/optionality, expected new buyback authorization in April and upcoming 5G cycle'",2020-03-11 11:51:00-04:00,AAPL
4117,7570.0,"UPDATE: BofA Securities Reiterates Buy On Apple, Lowers Target To $320 As Firm Notes 'Lowering estimates on weaker global demand, some delay in product launches'",2020-03-11 11:51:00-04:00,AAPL
4118,7571.0,BofA Lowers Apple Price Target Due To Potential Delay In Product Launches,2020-03-11 10:44:00-04:00,AAPL
4119,7572.0,"As Market Gyrates, Investors Seek Direction From Large Stocks Including Apple, Microsoft",2020-03-11 10:37:00-04:00,AAPL
4120,7573.0,Only Technology Can Save And Lead The Automotive Industry Forward,2020-03-11 09:58:00-04:00,AAPL
4121,7574.0,Coronavirus – Another Severe Hit To The Automotive Industry,2020-03-11 09:50:00-04:00,AAPL
4122,7575.0,"B of A Securities Reiterates Buy on Apple, Lowers Price Target to $320",2020-03-11 09:02:00-04:00,AAPL
4123,7576.0,"Hearing B of A Securities Maintains Buy On Apple, Lowers Target From $350 to $320",2020-03-11 07:51:00-04:00,AAPL
4124,7577.0,"Shares of several companies in the technology, software and semiconductor space are trading lower as equities sell off amid coronavirus fears. The virus spread has disrupted economic activity across sectors and caused global macro uncertainty.",2020-03-11 07:17:00-04:00,AAPL
4125,7578.0,Google Asks All North American Employees To Work From Home As Coronavirus Spreads,2020-03-11 03:45:00-04:00,AAPL
4126,7579.0,Peloton Shares Tick To Session Low As Hearing Report Apple Working On 'Guided Workout' Fitness App,2020-03-10 13:59:00-04:00,AAPL
4127,7580.0,Morning Market Stats In 5 Minutes,2020-03-10 11:16:00-04:00,AAPL
4128,7581.0,The Main Challenges Faced By The Upcoming EV Era,2020-03-10 10:34:00-04:00,AAPL
4129,7582.0,Jedi Wars Between Amazon And Microsoft Are Still Very Much On,2020-03-10 10:27:00-04:00,AAPL
4130,7583.0,"Airlines Continue Suffering As Delta, American Announce Schedule Cuts, But Crude Bounces",2020-03-10 09:42:00-04:00,AAPL
4131,7584.0,Shares of several technology companies are trading higher as markets look to rebound from Monday's selloff. The technology sector has been highly impacted by the coronavirus due to its China exposure and sensitivity to economic conditions.,2020-03-10 07:11:00-04:00,AAPL
4132,7585.0,"UBS Maintains Buy on Apple, Lowers Price Target to $335",2020-03-10 07:06:00-04:00,AAPL
4133,7586.0,123 Biggest Movers From Yesterday,2020-03-10 05:57:00-04:00,AAPL
4134,7587.0,Crude Awakening: Energy Sector Takes A 20% Spill As Crude Price War Sends Oil To 4-Year Low,2020-03-09 17:09:00-04:00,AAPL
4135,7588.0,Investor Movement Index Summary: February 2020,2020-03-09 13:57:00-04:00,AAPL
4136,7589.0,101 Stocks Moving In Monday's Mid-Day Session,2020-03-09 12:00:00-04:00,AAPL
